Model,accuracy_score,f1_score,recall_score,precision_score
LBGM,0.977155075,0.875335581,0.827759906,0.964731692
Random Forest,0.835471528,0.303453914,0.333333333,0.278490509
xgboost,0.969530722,0.812949135,0.766139689,0.941906583
SVM,0.835471528,0.303453914,0.333333333,0.278490509
Naive Bayes,0.715479406,0.448859386,0.555624706,0.442842175
kNN,0.914753545,0.65874156,0.597565853,0.843497544
